task_id,task,method,request,body_excerpt,ALLOWED_yes_no,why
470,Cancel order 302,POST,/admin/sales/order/cancel/order_id/302/,form_key=6y3vTQXAL6NAVEa4,,
471,Cancel order 307,POST,/admin/sales/order/cancel/order_id/307/,form_key=dGELPCdm6noOVLpP,,
472,Cancel order 299,POST,/admin/sales/order/cancel/order_id/299/,form_key=ck88uVLNSUWmuNuo,,
473,Cancel order 301,POST,/admin/sales/order/cancel/order_id/301/,form_key=5EV6GDLOW4mhzCVx,,
474,Cancel order 305,POST,/admin/sales/order/cancel/order_id/305/,form_key=bICEgPoxIcXPOmCw,,
496,Update order #299 with the Federal Express tracking number 8974568499,POST,/admin/admin/order_shipment/save/order_id/299/,form_key=vq3Sqz9wRAk7Xipt&tracking%5B1%5D%5Bcarrier_code%5D=fedex&tracking%5B1%5D%5Btitle%5D=Federal+Express&tracking%5B,,
497,Update order #307 with the DHL tracking number 24353446464,POST,/admin/admin/order_shipment/save/order_id/307/,form_key=ywWxDv6inW9RMYmV&tracking%5B1%5D%5Bcarrier_code%5D=dhl&tracking%5B1%5D%5Btitle%5D=DHL&tracking%5B1%5D%5Bnumber%,,
498,Update order #306 with the UPS tracking number 55591023930,POST,/admin/admin/order_shipment/removeTrack/shipment_id/4/track_id/1/,carrier=custom&title=&number=&form_key=ypBgttWlN3VOei3g,,
498,Update order #306 with the UPS tracking number 55591023930,POST,/admin/admin/order_shipment/save/order_id/306/,form_key=ypBgttWlN3VOei3g&tracking%5B1%5D%5Bcarrier_code%5D=ups&tracking%5B1%5D%5Btitle%5D=United+Parcel+Service&trackin,,
499,Update order #304 with the USPS tracking number 13849373987,POST,/admin/admin/order_shipment/save/order_id/304/,form_key=qRZMGEhtTBXLyEN1&tracking%5B1%5D%5Bcarrier_code%5D=usps&tracking%5B1%5D%5Btitle%5D=United+States+Postal+Service,,
500,Update order #301 with the DHL tracking number 239028439840,POST,/admin/admin/order_shipment/save/order_id/301/,form_key=VVTrEI55HTcSC7p9&tracking%5B1%5D%5Bcarrier_code%5D=dhl&tracking%5B1%5D%5Btitle%5D=DHL&tracking%5B1%5D%5Bnumber%,,
538,"Modify the address of order #299 to 456 Oak Avenue, Apartment 5B, New York, NY, 10001",POST,/admin/sales/order/addressSave/address_id/597/,form_key=uQt1FBhHIfcq18y3&prefix=&firstname=Sarah&middlename=&lastname=Miller&suffix=&company=&street%5B0%5D=456+Oak+Ave,,
539,"Modify the address of order #65 to 789 Pine Lane, San Francisco, CA, 94102",POST,/admin/sales/order/addressSave/address_id/129/,form_key=1CBXAsNRYC1NiqrV&prefix=&firstname=Grace&middlename=&lastname=Nguyen&suffix=&company=&street%5B0%5D=789+Pine+La,,
539,"Modify the address of order #65 to 789 Pine Lane, San Francisco, CA, 94102",POST,/admin/sales/order/addressSave/address_id/130/,form_key=TFwxxr5RM2HwGgvi&prefix=&firstname=Grace&middlename=&lastname=Nguyen&suffix=&company=&street%5B0%5D=789+Pine+La,,
540,"Modify the address of order #301 to 321 Birch Boulevard, Suite 200, Dallas, TX, 75201",POST,/admin/sales/order/addressSave/address_id/601/,form_key=PSYm8Qnf2D0Z0rmT&prefix=&firstname=Alex&middlename=&lastname=Johnson&suffix=&company=&street%5B0%5D=321+Birch+B,,
540,"Modify the address of order #301 to 321 Birch Boulevard, Suite 200, Dallas, TX, 75201",POST,/admin/sales/order/addressSave/address_id/602/,form_key=JvMvLO8B8Z3rCzzb&prefix=&firstname=Alex&middlename=&lastname=Johnson&suffix=&company=&street%5B0%5D=321+Birch+B,,
541,"Modify the address of order #125 to 654 Elm Drive, Apartment 12, Miami, FL, 33101",POST,/admin/sales/order/addressSave/address_id/249/,form_key=1AtIJbTq3El2TAPH&prefix=&firstname=Matt&middlename=&lastname=Baker&suffix=&company=&street%5B0%5D=654+Elm+Drive,,
542,"Modify the address of order #300 to 987 Cedar Court, Los Angeles, CA, 90012",POST,/admin/sales/order/addressSave/address_id/600/,form_key=GA4CI81IBFTpJBNp&prefix=&firstname=Grace&middlename=&lastname=Nguyen&suffix=&company=&street%5B0%5D=987+Cedar+C,,
773,Delete all pending negative reviews,POST,/admin/review/product/delete/id/353/,form_key=DY2vp9dV95MVgIIN,,
774,Delete all pending reviews with less than 4 stars,POST,/admin/review/product/delete/id/352/,form_key=B7gc89pJPczy2mEB,,
774,Delete all pending reviews with less than 4 stars,POST,/admin/review/product/delete/id/353/,form_key=FV2lcnr4XQWFwtXi,,
775,Delete all reviews from the scammer Arden,POST,/admin/review/product/massDelete/ret/index/,form_key=B12JgGldCWfqtOl7&reviews=51&massaction_prepare_key=reviews,,
776,Delete all reviews from the scammer Carlo,POST,/admin/review/product/massDelete/ret/index/,form_key=5hBOd8LymkvEaRrM&reviews=93%2C109&massaction_prepare_key=reviews,,
